time_of_day,temperature,humidity
08:00:00,25.0,45.0
08:00:01,26.0,46.0
08:00:03,25.0,45.0
08:00:04,25.0,45.0
08:00:06,25.0,45.0
08:00:08,25.0,45.0
08:00:09,25.0,45.0
08:00:11,25.0,45.0
08:00:12,25.0,45.0
08:00:14,25.0,45.0
08:00:15,25.0,45.0
08:00:17,25.0,45.0
08:00:18,25.0,45.0
08:00:20,25.0,45.0
08:00:21,25.0,45.0
08:00:23,25.0,45.0
08:00:24,25.0,45.0
08:00:26,25.0,45.0
08:00:27,25.0,45.0
08:00:29,25.0,45.0
08:00:30,25.0,45.0
08:00:32,25.0,45.0
08:00:33,25.0,45.0
08:00:35,25.0,45.0
08:00:37,25.0,45.0
08:00:38,25.0,45.0
08:00:40,25.0,45.0
08:00:41,25.0,45.0
08:00:43,25.0,45.0
08:00:44,25.0,45.0
08:00:46,25.0,45.0
08:00:47,25.0,45.0
08:00:49,25.0,45.0
08:00:50,25.0,45.0
08:00:52,25.0,45.0
08:00:53,25.0,45.0
08:00:55,25.0,45.0
08:00:56,25.0,45.0
08:00:58,25.0,45.0
08:00:59,25.0,45.0
08:01:01,25.0,45.0
08:01:02,25.0,45.0
08:01:04,25.0,45.0
08:01:06,25.0,45.0
08:01:07,25.0,45.0
08:01:09,25.0,45.0
08:01:10,25.0,45.0
08:01:17,25.0,45.0
08:01:18,25.0,45.0
08:01:20,25.0,45.0
08:01:21,25.0,45.0
08:01:25,25.0,45.0
08:01:27,25.0,45.0
08:01:28,25.0,45.0
08:01:30,25.0,45.0
08:01:31,25.0,45.0
08:01:33,25.0,45.0
08:01:35,25.0,45.0
08:01:36,25.0,45.0
08:01:38,25.0,45.0
08:01:39,25.0,45.0
08:01:41,25.0,45.0
08:01:42,25.0,45.0
08:01:44,25.0,45.0
08:01:45,25.0,45.0
08:01:47,25.0,45.0
08:01:48,25.0,45.0
08:01:50,25.0,45.0
08:01:51,25.0,45.0
08:01:53,25.0,45.0
08:01:54,25.0,45.0
08:01:56,25.0,45.0
08:01:57,25.0,45.0
08:01:59,25.0,45.0
08:02:00,25.0,45.0
08:02:02,25.0,45.0
08:02:04,25.0,45.0
08:02:05,25.0,45.0
08:02:07,25.0,45.0
08:02:08,25.0,45.0
08:02:10,25.0,45.0
08:02:11,25.0,45.0
08:02:13,25.0,45.0
08:02:14,25.0,45.0
08:02:16,25.0,45.0
08:02:17,25.0,45.0
08:02:19,25.0,45.0
08:02:20,25.0,45.0
08:02:22,25.0,45.0
08:02:23,26.0,46.0
08:02:25,25.0,45.0
08:02:29,25.0,45.0
08:02:30,25.0,45.0
08:02:37,25.0,45.0
08:02:39,25.0,45.0
08:02:40,25.0,45.0
08:02:42,25.0,45.0
08:02:43,25.0,45.0
08:02:45,25.0,45.0
08:02:46,25.0,45.0
08:02:48,25.0,45.0
08:02:49,25.0,45.0
08:02:51,25.0,45.0
08:02:52,25.0,45.0
08:02:54,25.0,45.0
08:02:55,25.0,45.0
08:02:59,25.0,45.0
08:03:01,25.0,45.0
08:03:03,25.0,45.0
08:03:04,25.0,45.0
08:03:06,25.0,45.0
08:03:07,25.0,45.0
08:03:09,25.0,45.0
08:03:10,25.0,45.0
08:03:12,25.0,45.0
08:03:13,25.0,45.0
08:03:15,25.0,45.0
08:03:16,25.0,45.0
08:03:20,25.0,45.0
08:03:22,25.0,45.0
08:03:23,25.0,45.0
08:03:25,25.0,45.0
08:03:26,25.0,45.0
08:03:28,25.0,45.0
08:03:29,25.0,45.0
08:03:31,25.0,45.0
08:03:33,25.0,45.0
08:03:34,25.0,45.0
08:03:36,25.0,45.0
08:03:37,25.0,45.0
08:03:39,25.0,45.0
08:03:40,25.0,45.0
08:03:42,25.0,45.0
08:03:43,25.0,45.0
08:03:45,25.0,45.0
08:03:46,25.0,45.0
08:03:48,25.0,45.0
08:03:49,25.0,45.0
08:03:51,25.0,45.0
08:03:52,25.0,45.0
08:03:54,25.0,45.0
08:03:55,25.0,45.0
08:03:57,25.0,45.0
08:03:58,25.0,45.0
08:04:00,25.0,45.0
08:04:02,25.0,45.0
08:04:03,25.0,45.0
08:04:05,25.0,45.0
08:04:06,25.0,45.0
08:04:08,25.0,45.0
08:04:09,25.0,45.0
08:04:11,25.0,45.0
08:04:12,25.0,45.0
08:04:14,25.0,45.0
08:04:18,25.0,45.0
08:04:19,25.0,45.0
08:04:23,25.0,45.0
08:04:25,25.0,45.0
08:04:26,25.0,45.0
08:04:28,25.0,45.0
08:04:29,25.0,45.0
08:04:31,25.0,45.0
08:04:33,25.0,45.0
08:04:34,25.0,45.0
08:04:36,25.0,45.0
08:04:37,25.0,45.0
08:04:39,25.0,45.0
08:04:40,25.0,45.0
08:04:44,25.0,45.0
08:04:46,25.0,45.0
08:04:47,25.0,45.0
08:04:49,25.0,45.0
08:04:50,25.0,45.0
08:04:52,25.0,45.0
08:04:53,25.0,45.0
08:04:57,25.0,45.0
08:04:59,25.0,45.0
08:05:01,25.0,45.0
08:05:02,25.0,45.0
08:05:04,25.0,45.0
08:05:05,25.0,45.0
08:05:07,25.0,45.0
08:05:08,25.0,45.0
08:05:10,25.0,45.0
08:05:11,25.0,45.0
08:05:13,25.0,45.0
08:05:17,25.0,45.0
08:05:18,25.0,45.0
08:05:20,25.0,45.0
08:05:21,25.0,45.0
08:05:23,25.0,45.0
08:05:24,25.0,45.0
08:05:26,25.0,45.0
08:05:27,25.0,45.0
08:05:29,25.0,45.0
08:05:31,25.0,45.0
08:05:32,25.0,45.0
08:05:34,25.0,45.0
08:05:35,25.0,45.0
08:05:37,25.0,45.0
08:05:38,25.0,45.0
08:05:40,25.0,45.0
08:05:41,25.0,45.0
08:05:43,25.0,45.0
08:05:44,25.0,45.0
08:05:46,25.0,45.0
08:05:50,25.0,45.0
08:05:51,25.0,45.0
08:05:53,25.0,45.0
08:05:54,25.0,45.0
08:05:56,25.0,45.0
08:05:57,25.0,45.0
08:05:59,25.0,45.0
08:06:01,25.0,45.0
08:06:05,25.0,46.0
08:06:06,25.0,45.0
08:06:08,25.0,45.0
08:06:09,25.0,45.0
08:06:11,25.0,45.0
08:06:12,25.0,45.0
08:06:14,25.0,45.0
08:06:15,25.0,45.0
08:06:17,25.0,45.0
08:06:18,25.0,45.0
08:06:20,25.0,45.0
08:06:21,25.0,45.0
08:06:23,25.0,45.0
08:06:24,25.0,45.0
08:06:26,25.0,45.0
08:06:27,25.0,45.0
08:06:29,25.0,46.0
08:06:31,25.0,45.0
08:06:32,25.0,45.0
08:06:34,25.0,46.0
08:06:35,25.0,45.0
08:06:37,25.0,45.0
08:06:38,25.0,45.0
08:06:40,25.0,45.0
08:06:41,25.0,46.0
08:06:43,25.0,45.0
08:06:44,25.0,45.0
08:06:46,25.0,45.0
08:06:47,25.0,45.0
08:06:49,25.0,46.0
08:06:50,25.0,46.0
08:06:52,25.0,46.0
08:06:53,25.0,45.0
08:06:55,25.0,45.0
08:06:57,25.0,45.0
08:06:58,25.0,45.0
08:07:00,25.0,45.0
08:07:01,25.0,45.0
08:07:03,25.0,45.0
08:07:04,25.0,45.0
08:07:06,25.0,45.0
08:07:10,25.0,45.0
08:07:11,25.0,45.0
08:07:13,25.0,45.0
08:07:14,25.0,45.0
08:07:16,25.0,45.0
08:07:17,25.0,45.0
08:07:19,25.0,45.0
08:07:20,25.0,45.0
08:07:22,25.0,45.0
08:07:23,25.0,45.0
08:07:25,25.0,45.0
08:07:27,25.0,45.0
08:07:28,25.0,45.0
08:07:30,25.0,45.0
08:07:31,25.0,45.0
08:07:33,25.0,45.0
08:07:39,25.0,45.0
08:07:41,25.0,45.0
08:07:42,25.0,45.0
08:07:44,25.0,45.0
08:07:45,25.0,45.0
08:07:47,25.0,45.0
08:07:48,25.0,45.0
08:07:50,25.0,45.0
08:07:51,25.0,45.0
08:07:53,25.0,45.0
08:07:54,25.0,45.0
08:07:56,25.0,45.0
08:07:58,25.0,45.0
08:07:59,25.0,45.0
08:08:01,25.0,45.0
08:08:02,25.0,45.0
08:08:04,25.0,45.0
08:08:08,25.0,45.0
08:08:09,25.0,45.0
08:08:11,25.0,45.0
08:08:15,25.0,45.0
08:08:16,25.0,45.0
08:08:18,25.0,45.0
08:08:19,25.0,45.0
08:08:21,25.0,45.0
08:08:22,25.0,45.0
08:08:24,25.0,45.0
08:08:26,25.0,45.0
08:08:27,25.0,45.0
08:08:29,25.0,45.0
08:08:30,25.0,45.0
08:08:32,25.0,45.0
08:08:33,25.0,45.0
08:08:35,25.0,45.0
08:08:36,25.0,45.0
08:08:38,25.0,45.0
08:08:42,25.0,45.0
08:08:43,25.0,45.0
08:08:45,25.0,45.0
08:08:46,25.0,45.0
08:08:48,25.0,45.0
08:08:49,25.0,45.0
08:08:51,25.0,45.0
08:08:52,25.0,45.0
08:08:54,25.0,45.0
08:08:56,25.0,45.0
08:08:57,25.0,45.0
08:08:59,25.0,45.0
08:09:00,25.0,45.0
08:09:02,25.0,45.0
08:09:06,25.0,45.0
08:09:07,25.0,45.0
08:09:09,25.0,45.0
08:09:10,25.0,45.0
08:09:12,25.0,45.0
08:09:13,25.0,46.0
08:09:15,25.0,46.0
08:09:16,25.0,46.0
08:09:18,25.0,45.0
08:09:19,25.0,45.0
08:09:21,25.0,45.0
08:09:22,25.0,46.0
08:09:24,25.0,45.0
08:09:28,25.0,45.0
08:09:30,25.0,45.0
08:09:31,25.0,45.0
08:09:33,25.0,45.0
08:09:34,25.0,46.0
08:09:38,25.0,46.0
08:09:40,25.0,45.0
08:09:41,25.0,46.0
08:09:43,25.0,46.0
08:09:44,25.0,46.0
08:09:46,25.0,46.0
08:09:47,25.0,46.0
08:09:49,25.0,45.0
08:09:50,25.0,45.0
08:09:52,25.0,45.0
08:09:54,25.0,46.0
08:09:58,25.0,45.0
08:09:59,25.0,45.0
08:10:03,25.0,46.0
08:10:05,25.0,45.0
08:10:06,25.0,45.0
08:10:08,25.0,46.0
08:10:12,25.0,46.0
08:10:13,25.0,45.0
08:10:15,25.0,46.0
08:10:16,25.0,46.0
08:10:20,25.0,46.0
08:10:22,25.0,45.0
08:10:23,25.0,46.0
08:10:25,25.0,45.0
08:10:27,25.0,46.0
08:10:28,25.0,46.0
08:10:30,25.0,46.0
08:10:31,25.0,46.0
08:10:33,25.0,46.0
08:10:34,25.0,46.0
08:10:36,25.0,46.0
08:10:37,25.0,46.0
08:10:39,25.0,46.0
08:10:40,25.0,46.0
08:10:42,25.0,46.0
08:10:43,25.0,46.0
08:10:45,25.0,46.0
08:10:46,25.0,45.0
08:10:48,25.0,45.0
08:10:49,25.0,45.0
08:10:51,25.0,46.0
08:10:52,25.0,46.0
08:10:54,25.0,45.0
08:10:56,25.0,46.0
08:10:57,25.0,46.0
08:10:59,25.0,45.0
08:11:00,25.0,45.0
08:11:02,25.0,46.0
08:11:03,25.0,45.0
08:11:05,25.0,46.0
08:11:06,25.0,45.0
08:11:08,25.0,45.0
08:11:09,25.0,45.0
08:11:11,25.0,45.0
08:11:12,25.0,45.0
08:11:14,25.0,45.0
08:11:15,25.0,45.0
08:11:17,25.0,45.0
08:11:18,25.0,45.0
08:11:20,25.0,45.0
08:11:21,25.0,45.0
08:11:23,25.0,45.0
08:11:25,25.0,45.0
08:11:26,25.0,46.0
08:11:28,25.0,46.0
08:11:29,25.0,45.0
08:11:31,25.0,45.0
08:11:32,25.0,45.0
08:11:34,25.0,45.0
08:11:35,25.0,45.0
08:11:37,25.0,45.0
08:11:38,25.0,45.0
08:11:40,25.0,45.0
08:11:41,25.0,45.0
08:11:43,25.0,45.0
08:11:44,25.0,45.0
08:11:46,25.0,45.0
08:11:47,25.0,45.0
08:11:49,25.0,45.0
08:11:50,25.0,45.0
08:11:52,25.0,45.0
08:11:54,25.0,45.0
08:11:58,25.0,45.0
08:11:59,25.0,45.0
08:12:01,25.0,45.0
08:12:02,25.0,45.0
08:12:04,25.0,45.0
08:12:05,25.0,45.0
08:12:07,25.0,45.0
08:12:08,25.0,45.0
08:12:10,25.0,45.0
08:12:11,25.0,45.0
08:12:13,25.0,45.0
08:12:14,25.0,45.0
08:12:16,25.0,45.0
08:12:17,25.0,45.0
08:12:19,25.0,45.0
08:12:21,25.0,45.0
08:12:22,25.0,45.0
08:12:24,25.0,45.0
08:12:25,25.0,45.0
08:12:32,25.0,45.0
08:12:33,25.0,45.0
08:12:35,25.0,45.0
08:12:36,25.0,45.0
08:12:38,25.0,46.0
08:12:39,25.0,45.0
08:12:41,25.0,45.0
08:12:42,25.0,45.0
08:12:44,25.0,46.0
08:12:48,25.0,46.0
08:12:49,25.0,45.0
08:12:51,25.0,45.0
08:12:53,25.0,45.0
08:12:54,25.0,45.0
08:12:56,25.0,46.0
08:12:57,25.0,46.0
08:12:59,25.0,46.0
08:13:00,25.0,46.0
08:13:04,25.0,46.0
08:13:08,25.0,46.0
08:13:10,25.0,45.0
08:13:11,25.0,46.0
08:13:15,25.0,46.0
08:13:17,25.0,45.0
08:13:18,25.0,46.0
08:13:20,25.0,46.0
08:13:21,25.0,46.0
08:13:23,25.0,46.0
08:13:25,25.0,46.0
08:13:29,25.0,46.0
08:13:30,25.0,45.0
08:13:32,25.0,46.0
08:13:33,25.0,46.0
08:13:37,25.0,46.0
08:13:39,25.0,45.0
08:13:40,25.0,45.0
08:13:42,25.0,46.0
08:13:43,25.0,46.0
08:13:45,25.0,46.0
08:13:46,25.0,46.0
08:13:48,25.0,46.0
08:13:55,25.0,45.0
08:13:56,25.0,45.0
08:13:58,25.0,46.0
08:13:59,25.0,46.0
08:14:01,25.0,45.0
08:14:02,25.0,46.0
08:14:04,25.0,46.0
08:14:05,25.0,46.0
08:14:07,25.0,46.0
08:14:08,25.0,46.0
08:14:10,25.0,46.0
08:14:11,25.0,46.0
08:14:13,25.0,46.0
08:14:14,25.0,46.0
08:14:16,25.0,46.0
08:14:17,25.0,46.0
08:14:19,25.0,46.0
08:14:20,25.0,46.0
08:14:22,25.0,46.0
08:14:24,25.0,46.0
08:14:25,25.0,46.0
08:14:27,25.0,46.0
08:14:28,25.0,46.0
08:14:30,25.0,46.0
08:14:31,25.0,46.0
08:14:33,25.0,46.0
08:14:34,25.0,46.0
08:14:41,25.0,46.0
08:14:42,25.0,45.0
08:14:44,25.0,46.0
08:14:45,25.0,46.0
08:14:47,25.0,46.0
08:14:48,25.0,46.0
08:14:50,25.0,46.0
08:14:51,25.0,46.0
08:14:53,25.0,46.0
08:14:55,25.0,46.0
08:14:56,25.0,46.0
08:15:00,25.0,46.0
08:15:02,25.0,45.0
08:15:03,25.0,46.0
08:15:05,25.0,46.0
08:15:06,25.0,46.0
08:15:08,25.0,46.0
08:15:09,25.0,46.0
08:15:11,25.0,46.0
08:15:12,25.0,46.0
08:15:14,25.0,46.0
08:15:15,25.0,46.0
08:15:17,25.0,46.0
08:15:18,25.0,46.0
08:15:20,25.0,46.0
08:15:22,25.0,46.0
08:15:23,25.0,46.0
08:15:25,25.0,46.0
08:15:26,25.0,46.0
08:15:28,25.0,46.0
08:15:29,25.0,46.0
08:15:31,25.0,46.0
08:15:32,25.0,45.0
08:15:34,25.0,45.0
08:15:35,25.0,45.0
08:15:37,25.0,45.0
08:15:38,25.0,45.0
08:15:40,25.0,45.0
08:15:41,25.0,45.0
08:15:43,25.0,45.0
08:15:44,25.0,45.0
08:15:46,25.0,45.0
08:15:47,25.0,46.0
08:15:49,25.0,45.0
08:15:53,25.0,46.0
08:15:55,25.0,45.0
08:15:56,25.0,45.0
08:15:58,25.0,46.0
08:15:59,25.0,45.0
08:16:01,25.0,46.0
08:16:02,25.0,46.0
08:16:04,25.0,45.0
08:16:05,25.0,45.0
08:16:07,25.0,45.0
08:16:08,25.0,45.0
08:16:10,25.0,45.0
08:16:11,25.0,45.0
08:16:13,25.0,45.0
08:16:14,25.0,45.0
08:16:16,25.0,45.0
08:16:17,25.0,46.0
08:16:24,25.0,45.0
08:16:26,25.0,45.0
08:16:27,25.0,46.0
08:16:29,25.0,45.0
08:16:30,25.0,45.0
08:16:34,25.0,46.0
08:16:36,25.0,45.0
08:16:37,25.0,46.0
08:16:39,25.0,46.0
08:16:40,25.0,46.0
08:16:42,25.0,46.0
08:16:43,25.0,46.0
08:16:45,25.0,46.0
08:16:46,25.0,46.0
08:16:48,25.0,46.0
08:16:49,25.0,46.0
08:16:51,25.0,46.0
08:16:53,25.0,46.0
08:16:54,25.0,46.0
08:16:56,25.0,46.0
08:16:57,25.0,46.0
08:16:59,25.0,46.0
08:17:00,25.0,45.0
08:17:02,25.0,45.0
08:17:03,25.0,45.0
08:17:05,25.0,45.0
08:17:06,25.0,45.0
08:17:08,25.0,45.0
08:17:09,25.0,45.0
08:17:13,25.0,45.0
08:17:17,25.0,46.0
08:17:19,25.0,45.0
08:17:21,25.0,45.0
08:17:22,25.0,45.0
08:17:24,25.0,45.0
08:17:25,25.0,46.0
08:17:27,25.0,46.0
08:17:28,25.0,46.0
08:17:30,25.0,46.0
08:17:31,25.0,46.0
08:17:33,25.0,46.0
08:17:34,25.0,45.0
08:17:36,25.0,46.0
08:17:37,25.0,46.0
08:17:39,25.0,46.0
08:17:40,25.0,46.0
08:17:42,25.0,45.0
08:17:43,25.0,46.0
08:17:45,25.0,46.0
08:17:46,25.0,46.0
08:17:48,25.0,46.0
08:17:50,25.0,46.0
08:17:51,25.0,45.0
08:17:53,25.0,46.0
08:17:57,25.0,45.0
08:17:58,25.0,45.0
08:18:02,25.0,45.0
08:18:04,25.0,45.0
08:18:05,25.0,46.0
08:18:07,25.0,46.0
08:18:08,25.0,46.0
08:18:10,25.0,46.0
08:18:11,25.0,46.0
08:18:15,25.0,46.0
08:18:17,25.0,46.0
08:18:21,25.0,46.0
08:18:23,25.0,45.0
08:18:24,25.0,46.0
08:18:26,25.0,46.0
08:18:27,25.0,46.0
08:18:29,25.0,46.0
08:18:30,25.0,46.0
08:18:32,25.0,46.0
08:18:33,25.0,46.0
08:18:35,25.0,46.0
08:18:36,25.0,46.0
08:18:38,25.0,46.0
08:18:39,25.0,46.0
08:18:41,25.0,46.0
08:18:42,25.0,46.0
08:18:44,25.0,46.0
08:18:45,25.0,46.0
08:18:47,25.0,46.0
08:18:48,25.0,46.0
08:18:50,25.0,46.0
08:18:52,25.0,46.0
08:18:53,25.0,46.0
08:18:55,25.0,46.0
08:18:56,25.0,45.0
08:18:58,25.0,46.0
08:18:59,25.0,45.0
08:19:01,25.0,46.0
08:19:02,25.0,46.0
08:19:04,25.0,46.0
08:19:05,25.0,46.0
08:19:07,25.0,46.0
08:19:08,25.0,46.0
08:19:10,25.0,46.0
08:19:11,25.0,46.0
08:19:13,25.0,46.0
08:19:14,25.0,46.0
08:19:16,25.0,45.0
08:19:18,25.0,46.0
08:19:19,25.0,46.0
08:19:21,25.0,46.0
08:19:22,25.0,46.0
08:19:24,25.0,46.0
08:19:25,25.0,46.0
08:19:27,25.0,46.0
08:19:28,25.0,46.0
08:19:30,25.0,46.0
08:19:34,25.0,46.0
08:19:35,25.0,45.0
08:19:37,25.0,46.0
08:19:38,25.0,46.0
08:19:40,25.0,46.0
08:19:41,25.0,46.0
08:19:43,25.0,46.0
08:19:44,25.0,46.0
08:19:46,25.0,46.0
08:19:48,25.0,46.0
08:19:49,25.0,46.0
08:19:51,25.0,46.0
08:19:55,25.0,46.0
08:19:56,25.0,45.0
08:19:58,25.0,46.0
08:19:59,25.0,46.0
08:20:01,25.0,45.0
08:20:02,25.0,46.0
08:20:04,25.0,46.0
08:20:05,25.0,46.0
08:20:07,25.0,46.0
08:20:08,25.0,46.0
08:20:10,25.0,46.0
08:20:11,25.0,46.0
08:20:13,25.0,46.0
08:20:17,25.0,46.0
08:20:19,25.0,45.0
08:20:20,25.0,46.0
08:20:22,25.0,46.0
08:20:23,25.0,46.0
08:20:25,25.0,46.0
08:20:26,25.0,46.0
08:20:28,25.0,46.0
08:20:29,25.0,46.0
08:20:31,25.0,46.0
08:20:32,25.0,46.0
08:20:34,25.0,46.0
08:20:35,25.0,46.0
08:20:37,25.0,46.0
08:20:38,25.0,46.0
08:20:40,25.0,46.0
08:20:46,25.0,46.0
08:20:48,25.0,46.0
08:20:50,25.0,46.0
08:20:51,25.0,46.0
08:20:53,25.0,46.0
08:20:54,25.0,46.0
08:20:58,25.0,46.0
08:21:00,25.0,46.0
08:21:01,25.0,46.0
08:21:03,25.0,46.0
08:21:04,25.0,46.0
08:21:08,25.0,46.0
08:21:10,25.0,46.0
08:21:11,25.0,46.0
08:21:13,25.0,46.0
08:21:14,25.0,46.0
08:21:16,25.0,46.0
08:21:18,25.0,46.0
08:21:19,25.0,46.0
08:21:21,25.0,46.0
08:21:22,25.0,46.0
08:21:24,25.0,46.0
08:21:25,25.0,46.0
08:21:27,25.0,46.0
08:21:28,25.0,46.0
08:21:30,25.0,46.0
08:21:31,25.0,46.0
08:21:33,25.0,46.0
08:21:34,25.0,46.0
08:21:36,25.0,46.0
08:21:37,25.0,46.0
08:21:39,25.0,46.0
08:21:40,25.0,46.0
08:21:42,25.0,46.0
08:21:43,25.0,46.0
08:21:45,25.0,46.0
08:21:47,25.0,46.0
08:21:48,25.0,46.0
08:21:50,25.0,46.0
08:21:51,25.0,46.0
08:21:53,25.0,46.0
08:21:54,25.0,46.0
08:21:56,25.0,46.0
08:21:57,25.0,46.0
08:22:01,25.0,46.0
08:22:03,25.0,46.0
08:22:04,25.0,46.0
08:22:06,25.0,46.0
08:22:07,25.0,46.0
08:22:09,25.0,46.0
08:22:13,25.0,46.0
08:22:14,25.0,46.0
08:22:16,25.0,46.0
08:22:18,25.0,46.0
08:22:19,25.0,46.0
08:22:21,25.0,46.0
08:22:22,25.0,46.0
08:22:24,25.0,46.0
08:22:25,25.0,46.0
08:22:27,25.0,46.0
08:22:28,25.0,46.0
08:22:30,25.0,46.0
08:22:31,25.0,46.0
08:22:33,25.0,46.0
08:22:34,25.0,46.0
08:22:36,25.0,46.0
08:22:37,25.0,46.0
08:22:39,25.0,46.0
08:22:40,25.0,46.0
08:22:42,25.0,46.0
08:22:43,25.0,46.0
08:22:45,25.0,46.0
08:22:47,25.0,46.0
08:22:48,25.0,46.0
08:22:50,25.0,46.0
08:22:51,25.0,46.0
08:22:53,25.0,46.0
08:22:54,25.0,46.0
08:22:56,25.0,46.0
08:22:57,25.0,46.0
08:22:59,25.0,46.0
08:23:00,25.0,46.0
08:23:02,25.0,46.0
08:23:03,25.0,46.0
08:23:05,25.0,46.0
08:23:06,25.0,46.0
08:23:08,25.0,46.0
08:23:09,25.0,46.0
08:23:11,25.0,46.0
08:23:12,25.0,46.0
08:23:14,25.0,46.0
08:23:16,25.0,46.0
08:23:17,25.0,46.0
08:23:19,25.0,46.0
08:23:20,25.0,46.0
08:23:22,25.0,46.0
08:23:23,25.0,46.0
08:23:25,25.0,46.0
08:23:26,25.0,46.0
08:23:28,25.0,46.0
08:23:29,25.0,46.0
08:23:33,25.0,46.0
08:23:35,25.0,45.0
08:23:36,25.0,46.0
08:23:38,25.0,46.0
08:23:39,25.0,46.0
08:23:41,25.0,46.0
08:23:45,25.0,46.0
08:23:47,25.0,45.0
08:23:48,25.0,46.0
08:23:50,25.0,46.0
08:23:51,25.0,46.0
08:23:53,25.0,46.0
08:23:54,25.0,46.0
08:23:58,25.0,45.0
08:24:00,25.0,45.0
08:24:01,25.0,46.0
08:24:03,25.0,45.0
08:24:09,25.0,45.0
08:24:11,25.0,45.0
08:24:12,25.0,46.0
08:24:19,25.0,46.0
08:24:21,25.0,45.0
08:24:22,25.0,46.0
08:24:24,25.0,46.0
08:24:25,25.0,46.0
08:24:27,25.0,46.0
08:24:28,25.0,46.0
08:24:30,25.0,46.0
08:24:31,25.0,46.0
08:24:33,25.0,46.0
08:24:34,25.0,46.0
08:24:36,25.0,46.0
08:24:37,25.0,46.0
08:24:39,25.0,46.0
08:24:40,25.0,46.0
08:24:42,25.0,46.0
08:24:44,25.0,46.0
08:24:45,25.0,46.0
08:24:47,25.0,46.0
08:24:48,25.0,46.0
08:24:52,25.0,45.0
08:24:54,25.0,45.0
08:24:55,25.0,45.0
08:24:57,25.0,46.0
08:24:58,25.0,45.0
08:25:00,25.0,45.0
08:25:01,25.0,46.0
08:25:05,25.0,45.0
08:25:07,25.0,45.0
08:25:08,25.0,45.0
08:25:10,25.0,45.0
08:25:11,25.0,45.0
08:25:13,25.0,45.0
08:25:15,25.0,45.0
08:25:19,25.0,45.0
08:25:20,25.0,45.0
08:25:22,25.0,45.0
08:25:23,25.0,45.0
08:25:25,25.0,45.0
08:25:26,25.0,45.0
08:25:28,25.0,45.0
08:25:29,25.0,46.0
08:25:31,25.0,46.0
08:25:32,25.0,45.0
08:25:34,25.0,46.0
08:25:35,25.0,46.0
08:25:37,25.0,45.0
08:25:38,25.0,45.0
08:25:40,25.0,45.0
08:25:44,25.0,45.0
08:25:46,25.0,45.0
08:25:47,25.0,45.0
08:25:49,25.0,45.0
08:25:50,25.0,45.0
08:25:52,25.0,45.0
08:25:53,25.0,45.0
08:25:55,25.0,46.0
08:25:59,25.0,46.0
08:26:00,25.0,45.0
08:26:02,25.0,45.0
08:26:03,25.0,45.0
08:26:05,25.0,45.0
08:26:06,25.0,45.0
08:26:08,25.0,46.0
08:26:09,25.0,45.0
08:26:11,25.0,46.0
08:26:13,25.0,46.0
08:26:14,25.0,45.0
08:26:16,25.0,45.0
08:26:17,25.0,45.0
08:26:19,25.0,46.0
08:26:20,25.0,45.0
08:26:22,25.0,45.0
08:26:23,25.0,45.0
08:26:25,25.0,45.0
08:26:26,25.0,45.0
08:26:28,25.0,45.0
08:26:29,25.0,45.0
08:26:31,25.0,45.0
08:26:32,25.0,45.0
08:26:34,25.0,45.0
08:26:38,25.0,45.0
08:26:39,25.0,45.0
08:26:41,25.0,45.0
08:26:43,25.0,45.0
08:26:47,25.0,45.0
08:26:48,25.0,45.0
08:26:50,25.0,45.0
08:26:51,25.0,45.0
08:26:53,25.0,45.0
08:26:54,25.0,45.0
08:26:56,25.0,45.0
08:26:57,25.0,45.0
08:27:01,25.0,45.0
08:27:03,25.0,45.0
08:27:04,25.0,45.0
08:27:06,25.0,45.0
08:27:07,25.0,45.0
08:27:09,25.0,45.0
08:27:10,25.0,46.0
08:27:12,25.0,45.0
08:27:14,25.0,45.0
08:27:18,25.0,45.0
08:27:19,25.0,45.0
08:27:21,25.0,45.0
08:27:22,25.0,45.0
08:27:24,25.0,45.0
08:27:25,25.0,45.0
08:27:27,25.0,45.0
08:27:28,25.0,45.0
08:27:30,25.0,45.0
08:27:31,25.0,45.0
08:27:33,25.0,45.0
08:27:34,25.0,45.0
08:27:36,25.0,45.0
08:27:37,25.0,45.0
08:27:39,25.0,45.0
08:27:41,25.0,45.0
08:27:42,25.0,45.0
08:27:44,25.0,45.0
08:27:45,25.0,45.0
08:27:52,25.0,45.0
08:27:53,25.0,45.0
08:27:55,25.0,45.0
08:27:56,25.0,45.0
08:27:58,25.0,45.0
08:27:59,25.0,45.0
08:28:01,25.0,45.0
08:28:02,25.0,45.0
08:28:06,25.0,45.0
08:28:08,25.0,45.0
08:28:12,25.0,45.0
08:28:14,25.0,45.0
08:28:15,25.0,45.0
08:28:17,25.0,45.0
08:28:18,25.0,45.0
08:28:20,25.0,45.0
08:28:21,25.0,45.0
08:28:25,25.0,45.0
08:28:27,25.0,45.0
08:28:28,25.0,45.0
08:28:30,25.0,45.0
08:28:31,25.0,45.0
08:28:35,25.0,45.0
08:28:39,25.0,45.0
08:28:41,25.0,45.0
08:28:43,25.0,45.0
08:28:44,25.0,45.0
08:28:46,25.0,45.0
08:28:47,25.0,45.0
08:28:49,25.0,45.0
08:28:50,25.0,45.0
08:28:52,25.0,45.0
08:28:53,25.0,45.0
08:28:55,25.0,45.0
08:28:56,25.0,45.0
08:28:58,25.0,45.0
08:28:59,25.0,45.0
08:29:01,25.0,45.0
08:29:02,25.0,45.0
08:29:04,25.0,45.0
08:29:05,25.0,45.0
08:29:07,25.0,45.0
08:29:08,25.0,45.0
08:29:10,25.0,45.0
08:29:12,25.0,45.0
08:29:13,25.0,45.0
08:29:15,25.0,45.0
08:29:16,25.0,45.0
08:29:18,25.0,45.0
08:29:19,25.0,45.0
08:29:21,25.0,45.0
08:29:22,25.0,45.0
08:29:24,25.0,45.0
08:29:25,25.0,45.0
08:29:27,25.0,45.0
08:29:28,25.0,45.0
08:29:30,25.0,45.0
08:29:31,25.0,45.0
08:29:33,25.0,45.0
08:29:34,25.0,45.0
08:29:36,25.0,45.0
08:29:37,25.0,45.0
08:29:42,25.0,45.0
08:29:43,25.0,45.0
08:29:45,25.0,45.0
08:29:46,25.0,45.0
08:29:48,25.0,45.0
08:29:49,26.0,46.0
08:29:51,25.0,45.0
08:29:52,25.0,45.0
08:29:54,25.0,45.0
08:29:55,25.0,45.0
08:29:57,25.0,45.0
08:29:58,26.0,46.0
08:30:02,25.0,45.0
08:30:04,25.0,45.0
08:30:08,25.0,45.0
08:30:09,25.0,45.0
08:30:11,26.0,46.0
08:30:13,25.0,45.0
08:30:14,25.0,45.0
08:30:16,25.0,45.0
08:30:17,25.0,45.0
08:30:19,26.0,46.0
08:30:23,25.0,45.0
08:30:24,25.0,45.0
08:30:26,25.0,45.0
08:30:27,25.0,45.0
08:30:29,25.0,45.0
08:30:30,25.0,45.0
08:30:32,25.0,45.0
08:30:33,25.0,45.0
08:30:35,25.0,45.0
08:30:36,25.0,45.0
08:30:38,25.0,45.0
08:30:39,25.0,45.0
08:30:41,25.0,45.0
08:30:43,26.0,46.0
08:30:44,25.0,45.0
08:30:46,25.0,45.0
08:30:47,25.0,45.0
08:30:49,25.0,45.0
08:30:50,25.0,45.0
08:30:52,25.0,45.0
08:30:53,25.0,45.0
08:30:55,25.0,45.0
08:30:56,25.0,45.0
08:30:58,25.0,45.0
08:30:59,25.0,45.0
08:31:01,25.0,45.0
08:31:02,26.0,46.0
08:31:04,26.0,46.0
08:31:05,25.0,45.0
08:31:07,26.0,46.0
08:31:09,25.0,45.0
08:31:10,26.0,46.0
08:31:12,25.0,45.0
08:31:13,25.0,45.0
08:31:15,25.0,45.0
08:31:16,25.0,45.0
08:31:18,25.0,45.0
08:31:19,25.0,45.0
08:31:21,25.0,45.0
08:31:22,25.0,45.0
08:31:24,25.0,45.0
08:31:25,25.0,45.0
08:31:27,25.0,45.0
08:31:28,26.0,46.0
08:31:30,25.0,45.0
08:31:31,26.0,46.0
08:31:33,25.0,45.0
08:31:34,25.0,45.0
08:31:36,25.0,45.0
08:31:40,25.0,45.0
08:31:42,26.0,46.0
08:31:43,25.0,45.0
08:31:47,25.0,45.0
08:31:49,25.0,45.0
08:31:50,25.0,45.0
08:31:52,25.0,45.0
08:31:53,25.0,45.0
08:31:55,25.0,45.0
08:31:59,25.0,45.0
08:32:03,25.0,45.0
08:32:04,25.0,45.0
08:32:06,25.0,45.0
08:32:07,25.0,45.0
08:32:09,25.0,45.0
08:32:11,25.0,45.0
08:32:12,25.0,45.0
08:32:14,25.0,45.0
08:32:15,25.0,45.0
08:32:17,25.0,45.0
08:32:18,25.0,45.0
08:32:20,25.0,45.0
08:32:21,25.0,45.0
08:32:23,25.0,45.0
08:32:24,25.0,45.0
08:32:26,26.0,46.0
08:32:27,25.0,45.0
08:32:29,25.0,45.0
08:32:30,26.0,46.0
08:32:32,25.0,45.0
08:32:33,26.0,46.0
08:32:37,25.0,45.0
08:32:39,25.0,45.0
08:32:41,25.0,45.0
08:32:42,25.0,45.0
08:32:44,25.0,45.0
08:32:45,25.0,45.0
08:32:47,25.0,45.0
08:32:48,25.0,45.0
08:32:50,25.0,45.0
08:32:51,25.0,45.0
08:32:53,25.0,45.0
08:32:54,25.0,45.0
08:32:56,25.0,45.0
08:32:57,25.0,45.0
08:32:59,26.0,46.0
08:33:00,25.0,45.0
08:33:02,25.0,45.0
08:33:03,25.0,45.0
08:33:05,25.0,45.0
08:33:06,25.0,45.0
08:33:08,25.0,45.0
08:33:10,25.0,45.0
08:33:14,25.0,45.0
08:33:15,25.0,45.0
08:33:17,25.0,45.0
08:33:18,25.0,45.0
08:33:20,25.0,45.0
08:33:21,25.0,45.0
08:33:23,25.0,45.0
08:33:24,25.0,45.0
08:33:26,25.0,45.0
08:33:27,25.0,45.0
08:33:29,25.0,45.0
08:33:30,25.0,45.0
08:33:34,25.0,45.0
08:33:36,25.0,45.0
08:33:38,25.0,45.0
08:33:39,25.0,45.0
08:33:41,25.0,45.0
08:33:42,25.0,45.0
08:33:44,25.0,45.0
08:33:45,25.0,45.0
08:33:49,25.0,45.0
08:33:51,25.0,45.0
08:33:55,25.0,45.0
08:33:56,25.0,45.0
08:33:58,25.0,45.0
08:33:59,25.0,45.0
08:34:01,25.0,45.0
08:34:02,25.0,45.0
08:34:04,25.0,45.0
08:34:05,25.0,45.0
08:34:10,25.0,45.0
08:34:14,25.0,45.0
08:34:15,25.0,45.0
08:34:17,25.0,45.0
08:34:18,25.0,45.0
08:34:20,25.0,45.0
08:34:21,25.0,45.0
08:34:23,25.0,45.0
08:34:24,25.0,45.0
08:34:26,25.0,45.0
08:34:27,25.0,45.0
08:34:29,25.0,45.0
08:34:33,25.0,45.0
08:34:34,25.0,45.0
08:34:36,25.0,45.0
08:34:37,25.0,45.0
08:34:39,25.0,45.0
08:34:41,25.0,45.0
08:34:42,25.0,45.0
08:34:44,25.0,45.0
08:34:45,25.0,45.0
08:34:47,25.0,45.0
08:34:51,25.0,45.0
08:34:52,25.0,45.0
08:34:54,25.0,45.0
08:34:55,25.0,45.0
08:34:57,25.0,45.0
08:34:58,25.0,45.0
08:35:00,25.0,45.0
08:35:01,25.0,45.0
08:35:03,25.0,45.0
08:35:04,25.0,45.0
08:35:06,25.0,45.0
08:35:08,25.0,45.0
08:35:09,25.0,45.0
08:35:11,25.0,45.0
08:35:12,25.0,45.0
08:35:14,25.0,45.0
08:35:18,25.0,45.0
08:35:19,25.0,45.0
08:35:21,25.0,45.0
08:35:25,25.0,45.0
08:35:26,25.0,45.0
08:35:28,25.0,45.0
08:35:29,25.0,45.0
08:35:31,25.0,45.0
08:35:32,25.0,45.0
08:35:34,25.0,45.0
08:35:35,25.0,45.0
08:35:37,25.0,45.0
08:35:39,25.0,45.0
08:35:40,25.0,45.0
08:35:42,25.0,45.0
08:35:43,25.0,45.0
08:35:45,25.0,45.0
08:35:46,25.0,45.0
08:35:48,25.0,45.0
08:35:49,25.0,45.0
08:35:51,25.0,45.0
08:35:52,25.0,45.0
08:35:54,25.0,45.0
08:35:55,25.0,45.0
08:35:57,25.0,45.0
08:35:58,25.0,45.0
08:36:00,25.0,45.0
08:36:01,25.0,45.0
08:36:03,25.0,45.0
08:36:04,25.0,45.0
08:36:06,25.0,45.0
08:36:08,25.0,45.0
08:36:12,25.0,45.0
08:36:13,25.0,45.0
08:36:15,25.0,45.0
08:36:19,25.0,45.0
08:36:20,25.0,45.0
08:36:22,25.0,45.0
08:36:23,25.0,45.0
08:36:25,25.0,45.0
08:36:26,25.0,45.0
08:36:28,25.0,45.0
08:36:29,25.0,45.0
08:36:31,25.0,45.0
08:36:32,25.0,45.0
08:36:39,25.0,45.0
08:36:41,25.0,45.0
08:36:42,25.0,45.0
08:36:44,25.0,45.0
08:36:45,25.0,45.0
08:36:47,25.0,45.0
08:36:48,25.0,45.0
08:36:50,25.0,45.0
08:36:51,25.0,45.0
08:36:53,25.0,45.0
08:36:54,25.0,45.0
08:36:58,25.0,46.0
08:37:00,25.0,46.0
08:37:01,25.0,45.0
08:37:03,25.0,46.0
08:37:04,25.0,46.0
08:37:06,25.0,46.0
08:37:08,25.0,46.0
08:37:09,25.0,46.0
08:37:11,25.0,46.0
08:37:12,25.0,46.0
08:37:14,25.0,46.0
08:37:15,25.0,46.0
08:37:17,25.0,46.0
08:37:18,25.0,46.0
08:37:22,25.0,46.0
08:37:24,25.0,45.0
08:37:25,25.0,45.0
08:37:27,25.0,46.0
08:37:28,25.0,45.0
08:37:30,25.0,46.0
08:37:31,25.0,46.0
08:37:33,25.0,46.0
08:37:34,25.0,46.0
08:37:36,25.0,46.0
08:37:40,25.0,46.0
08:37:42,25.0,46.0
08:37:43,25.0,46.0
08:37:45,25.0,46.0
08:37:46,25.0,45.0
08:37:48,25.0,45.0
08:37:49,25.0,46.0
08:37:53,25.0,45.0
08:37:55,25.0,45.0
08:37:56,25.0,46.0
08:37:58,25.0,46.0
08:37:59,25.0,45.0
08:38:01,25.0,45.0
08:38:02,25.0,46.0
08:38:04,25.0,45.0
08:38:06,25.0,46.0
08:38:07,25.0,45.0
08:38:09,25.0,45.0
08:38:10,25.0,45.0
08:38:12,25.0,45.0
08:38:13,25.0,45.0
08:38:15,25.0,46.0
08:38:19,25.0,46.0
08:38:20,25.0,45.0
08:38:22,25.0,46.0
08:38:23,25.0,45.0
08:38:25,25.0,46.0
08:38:26,25.0,46.0
08:38:28,25.0,46.0
08:38:29,25.0,46.0
08:38:31,25.0,46.0
08:38:32,25.0,46.0
08:38:34,25.0,46.0
08:38:36,25.0,46.0
08:38:37,25.0,46.0
08:38:39,25.0,46.0
08:38:40,25.0,46.0
08:38:42,25.0,46.0
08:38:43,25.0,46.0
08:38:45,25.0,46.0
08:38:46,25.0,45.0
08:38:48,25.0,46.0
08:38:49,25.0,46.0
08:38:51,25.0,46.0
08:38:52,25.0,46.0
08:38:54,25.0,46.0
08:38:55,25.0,46.0
08:38:57,25.0,46.0
08:38:58,25.0,46.0
08:39:00,25.0,46.0
08:39:01,25.0,46.0
08:39:03,25.0,46.0
08:39:07,25.0,46.0
08:39:09,25.0,45.0
08:39:10,25.0,46.0
08:39:12,25.0,46.0
08:39:13,25.0,46.0
08:39:15,25.0,46.0
08:39:16,25.0,46.0
08:39:18,25.0,46.0
08:39:19,25.0,46.0
08:39:21,25.0,46.0
08:39:22,25.0,46.0
08:39:24,25.0,46.0
08:39:28,25.0,46.0
08:39:32,25.0,46.0
08:39:34,25.0,45.0
08:39:35,25.0,46.0
08:39:37,25.0,46.0
08:39:38,25.0,46.0
08:39:40,25.0,46.0
08:39:41,25.0,46.0
08:39:43,25.0,46.0
08:39:44,25.0,46.0
08:39:46,25.0,46.0
08:39:47,25.0,46.0
08:39:49,25.0,46.0
08:39:50,25.0,46.0
08:39:52,25.0,46.0
08:39:53,25.0,46.0
08:39:55,25.0,46.0
08:39:56,25.0,46.0
08:39:58,25.0,46.0
08:39:59,25.0,46.0
08:40:01,25.0,46.0
08:40:03,25.0,46.0
08:40:04,25.0,46.0
08:40:06,25.0,46.0
08:40:07,25.0,46.0
08:40:09,25.0,46.0
08:40:10,25.0,46.0
08:40:12,25.0,46.0
08:40:13,25.0,46.0
08:40:15,25.0,46.0
08:40:16,25.0,46.0
08:40:18,25.0,46.0
08:40:24,25.0,45.0
08:40:26,25.0,45.0
08:40:27,25.0,46.0
08:40:31,25.0,46.0
08:40:33,25.0,45.0
08:40:35,25.0,46.0
08:40:36,25.0,46.0
08:40:38,25.0,46.0
08:40:39,25.0,46.0
08:40:41,25.0,46.0
08:40:45,25.0,46.0
08:40:46,25.0,45.0
08:40:48,25.0,46.0
08:40:49,25.0,46.0
08:40:51,25.0,46.0
08:40:52,25.0,46.0
08:40:54,25.0,46.0
08:40:55,25.0,46.0
08:40:57,25.0,46.0
08:40:58,25.0,46.0
08:41:00,25.0,46.0
08:41:02,25.0,46.0
08:41:03,25.0,46.0
08:41:05,25.0,46.0
08:41:06,25.0,45.0
08:41:08,25.0,46.0
08:41:09,25.0,46.0
08:41:11,25.0,46.0
08:41:12,25.0,46.0
08:41:14,25.0,46.0
08:41:18,25.0,46.0
08:41:19,25.0,45.0
08:41:21,25.0,46.0
08:41:22,25.0,45.0
08:41:24,25.0,46.0
08:41:25,25.0,46.0
08:41:27,25.0,46.0
08:41:31,25.0,45.0
08:41:33,25.0,45.0
08:41:34,25.0,46.0
08:41:36,25.0,46.0
08:41:37,25.0,46.0
08:41:39,25.0,46.0
08:41:40,25.0,46.0
08:41:42,25.0,46.0
08:41:43,25.0,46.0
08:41:45,25.0,46.0
08:41:46,25.0,46.0
08:41:48,25.0,46.0
08:41:49,25.0,46.0
08:41:51,25.0,46.0
08:41:52,25.0,46.0
08:41:54,25.0,46.0
08:41:55,25.0,46.0
08:41:57,25.0,46.0
08:41:58,25.0,46.0
08:42:00,25.0,46.0
08:42:02,25.0,46.0
08:42:03,25.0,46.0
08:42:05,25.0,46.0
08:42:06,25.0,46.0
08:42:08,25.0,46.0
08:42:09,25.0,46.0
08:42:11,25.0,45.0
08:42:12,25.0,45.0
08:42:14,25.0,45.0
08:42:15,25.0,46.0
08:42:19,25.0,45.0
08:42:21,25.0,45.0
08:42:22,25.0,46.0
08:42:24,25.0,45.0
08:42:25,25.0,45.0
08:42:27,25.0,45.0
08:42:28,25.0,45.0
08:42:33,25.0,46.0
08:42:34,25.0,45.0
08:42:36,25.0,45.0
08:42:37,25.0,45.0
08:42:41,25.0,45.0
08:42:43,25.0,45.0
08:42:44,25.0,45.0
08:42:46,25.0,45.0
08:42:47,25.0,45.0
08:42:49,25.0,45.0
08:42:50,25.0,45.0
08:42:52,25.0,45.0
08:42:56,25.0,45.0
08:42:57,25.0,45.0
08:42:59,25.0,45.0
08:43:03,25.0,45.0
08:43:05,25.0,45.0
08:43:06,25.0,45.0
08:43:08,25.0,46.0
08:43:09,25.0,45.0
08:43:11,25.0,46.0
08:43:15,25.0,45.0
08:43:16,25.0,45.0
08:43:18,25.0,46.0
08:43:19,25.0,45.0
08:43:21,25.0,45.0
08:43:22,25.0,46.0
08:43:24,25.0,46.0
08:43:25,25.0,46.0
08:43:27,25.0,46.0
08:43:28,25.0,46.0
08:43:30,25.0,45.0
08:43:34,25.0,45.0
08:43:36,25.0,45.0
08:43:37,25.0,46.0
08:43:39,25.0,45.0
08:43:40,25.0,45.0
08:43:42,25.0,45.0
08:43:43,25.0,46.0
08:43:45,25.0,46.0
08:43:46,25.0,45.0
08:43:48,25.0,45.0
08:43:52,25.0,46.0
08:43:53,25.0,45.0
08:43:55,25.0,46.0
08:43:56,25.0,46.0
08:43:58,25.0,46.0
08:44:00,25.0,46.0
08:44:01,25.0,46.0
08:44:03,25.0,46.0
08:44:04,25.0,46.0
08:44:06,25.0,46.0
08:44:07,25.0,46.0
08:44:09,25.0,46.0
08:44:10,25.0,46.0
08:44:12,25.0,46.0
08:44:16,25.0,46.0
08:44:17,25.0,45.0
08:44:19,25.0,46.0
08:44:20,25.0,46.0
08:44:22,25.0,46.0
08:44:23,25.0,46.0
08:44:25,25.0,46.0
08:44:26,25.0,46.0
08:44:28,25.0,46.0
08:44:30,25.0,46.0
08:44:31,25.0,46.0
08:44:33,25.0,46.0
08:44:34,25.0,46.0
08:44:36,25.0,46.0
08:44:37,25.0,46.0
08:44:39,25.0,46.0
08:44:40,25.0,46.0
08:44:42,25.0,46.0
08:44:43,25.0,46.0
08:44:45,25.0,46.0
08:44:46,25.0,46.0
08:44:48,25.0,46.0
08:44:49,25.0,46.0
08:44:53,25.0,46.0
08:44:55,25.0,46.0
08:44:56,25.0,46.0
08:44:58,25.0,46.0
08:45:00,25.0,46.0
08:45:01,25.0,46.0
08:45:03,25.0,45.0
08:45:04,25.0,46.0
08:45:06,25.0,46.0
08:45:07,25.0,46.0
08:45:09,25.0,46.0
08:45:10,25.0,46.0
08:45:12,25.0,46.0
08:45:13,25.0,46.0
08:45:15,25.0,46.0
08:45:16,25.0,46.0
08:45:18,25.0,46.0
08:45:22,25.0,46.0
08:45:29,25.0,46.0
08:45:30,25.0,46.0
08:45:32,25.0,46.0
08:45:33,25.0,46.0
08:45:35,25.0,46.0
08:45:36,25.0,46.0
08:45:38,25.0,46.0
08:45:39,25.0,46.0
08:45:41,25.0,46.0
08:45:45,25.0,46.0
08:45:46,25.0,45.0
08:45:48,25.0,46.0
08:45:49,25.0,46.0
08:45:51,25.0,46.0
08:45:52,25.0,46.0
08:45:54,25.0,46.0
08:45:58,25.0,46.0
08:46:00,25.0,46.0
08:46:01,25.0,46.0
08:46:03,25.0,46.0
08:46:04,25.0,46.0
08:46:06,25.0,46.0
08:46:07,25.0,46.0
08:46:11,25.0,46.0
08:46:13,25.0,45.0
08:46:14,25.0,46.0
08:46:16,25.0,46.0
08:46:17,25.0,46.0
08:46:19,25.0,46.0
08:46:20,25.0,46.0
08:46:22,25.0,46.0
08:46:23,25.0,46.0
08:46:25,25.0,46.0
08:46:26,25.0,46.0
08:46:28,25.0,46.0
08:46:30,25.0,46.0
08:46:31,25.0,46.0
08:46:33,25.0,46.0
08:46:34,25.0,46.0
08:46:36,25.0,46.0
08:46:37,25.0,46.0
08:46:39,25.0,46.0
08:46:40,25.0,46.0
08:46:44,25.0,46.0
08:46:46,25.0,45.0
08:46:47,25.0,46.0
08:46:49,25.0,46.0
08:46:50,25.0,46.0
08:46:52,25.0,46.0
08:46:53,25.0,46.0
08:46:55,25.0,46.0
08:46:57,25.0,46.0
08:46:58,25.0,46.0
08:47:00,25.0,46.0
08:47:01,25.0,45.0
08:47:05,25.0,45.0
08:47:07,25.0,45.0
08:47:08,25.0,45.0
08:47:10,25.0,46.0
08:47:11,25.0,46.0
08:47:13,25.0,45.0
08:47:14,25.0,45.0
08:47:18,25.0,46.0
08:47:20,25.0,46.0
08:47:21,25.0,46.0
08:47:23,25.0,46.0
08:47:24,25.0,45.0
08:47:26,25.0,45.0
08:47:28,25.0,45.0
08:47:29,25.0,45.0
08:47:31,25.0,45.0
08:47:32,25.0,45.0
08:47:34,25.0,45.0
08:47:35,25.0,45.0
08:47:37,25.0,46.0
08:47:41,25.0,46.0
08:47:42,25.0,45.0
08:47:44,25.0,45.0
08:47:45,25.0,45.0
08:47:47,25.0,45.0
08:47:48,25.0,45.0
08:47:50,25.0,45.0
08:47:51,25.0,46.0
08:47:53,25.0,46.0
08:47:54,25.0,45.0
08:47:56,25.0,45.0
08:47:58,25.0,45.0
08:47:59,25.0,46.0
08:48:01,25.0,45.0
08:48:05,25.0,45.0
08:48:06,25.0,45.0
08:48:08,25.0,46.0
08:48:09,25.0,46.0
08:48:11,25.0,45.0
08:48:12,25.0,46.0
08:48:14,25.0,45.0
08:48:15,25.0,46.0
08:48:17,25.0,46.0
08:48:18,25.0,45.0
08:48:20,25.0,45.0
08:48:24,25.0,45.0
08:48:25,25.0,45.0
08:48:27,25.0,45.0
08:48:29,25.0,45.0
08:48:30,25.0,45.0
08:48:32,25.0,45.0
08:48:33,25.0,45.0
08:48:35,25.0,45.0
08:48:36,25.0,45.0
08:48:38,25.0,45.0
08:48:39,25.0,45.0
08:48:43,25.0,45.0
08:48:45,25.0,45.0
08:48:46,25.0,45.0
08:48:48,25.0,46.0
08:48:49,25.0,46.0
08:48:51,25.0,46.0
08:48:52,25.0,46.0
08:48:54,25.0,45.0
08:48:55,25.0,46.0
08:48:57,25.0,46.0
08:48:59,25.0,46.0
08:49:00,25.0,46.0
08:49:02,25.0,46.0
08:49:03,25.0,45.0
08:49:05,25.0,46.0
08:49:06,25.0,46.0
08:49:08,25.0,46.0
08:49:09,25.0,46.0
08:49:11,25.0,45.0
08:49:12,25.0,45.0
08:49:16,25.0,45.0
08:49:18,25.0,45.0
08:49:19,25.0,45.0
08:49:21,25.0,45.0
08:49:22,25.0,45.0
08:49:24,25.0,45.0
08:49:26,25.0,45.0
08:49:27,25.0,45.0
08:49:29,25.0,45.0
08:49:30,25.0,45.0
08:49:32,25.0,45.0
08:49:33,25.0,45.0
08:49:35,25.0,45.0
08:49:36,25.0,45.0
08:49:38,25.0,45.0
08:49:39,25.0,45.0
08:49:43,25.0,45.0
08:49:45,25.0,45.0
08:49:46,25.0,45.0
08:49:48,25.0,45.0
08:49:52,25.0,45.0
08:49:53,25.0,45.0
08:49:55,25.0,45.0
08:50:02,25.0,45.0
08:50:03,25.0,45.0
08:50:05,25.0,45.0
08:50:06,25.0,45.0
08:50:08,25.0,45.0
08:50:09,25.0,45.0
08:50:11,25.0,45.0
08:50:12,25.0,45.0
08:50:14,25.0,46.0
08:50:18,25.0,46.0
08:50:19,25.0,45.0
08:50:21,25.0,45.0
08:50:22,25.0,46.0
08:50:24,25.0,45.0
08:50:25,25.0,46.0
08:50:27,25.0,46.0
08:50:29,25.0,45.0
08:50:30,25.0,45.0
08:50:32,25.0,45.0
08:50:33,25.0,45.0
08:50:35,25.0,45.0
08:50:36,25.0,45.0
08:50:38,25.0,45.0
08:50:39,25.0,45.0
08:50:41,25.0,45.0
08:50:42,25.0,45.0
08:50:44,25.0,45.0
08:50:45,25.0,45.0
08:50:47,25.0,45.0
08:50:48,25.0,45.0
08:50:50,25.0,45.0
08:50:51,25.0,45.0
08:50:53,26.0,46.0
08:50:55,25.0,45.0
08:50:56,25.0,45.0
08:50:58,25.0,45.0
08:50:59,25.0,45.0
08:51:03,25.0,45.0
08:51:07,25.0,45.0
08:51:09,25.0,45.0
08:51:10,25.0,45.0
08:51:12,25.0,45.0
08:51:13,25.0,45.0
08:51:15,25.0,45.0
08:51:16,25.0,45.0
08:51:18,25.0,45.0
08:51:19,25.0,45.0
08:51:21,25.0,45.0
08:51:22,25.0,45.0
08:51:24,25.0,45.0
08:51:26,25.0,45.0
08:51:27,25.0,45.0
08:51:29,25.0,45.0
08:51:30,25.0,45.0
08:51:32,25.0,45.0
08:51:38,25.0,45.0
08:51:40,25.0,45.0
08:51:41,25.0,45.0
08:51:43,25.0,45.0
08:51:47,25.0,45.0
08:51:48,25.0,45.0
08:51:50,25.0,45.0
08:51:51,25.0,45.0
08:51:53,25.0,46.0
08:51:54,25.0,46.0
08:51:56,25.0,46.0
08:51:58,25.0,46.0
08:51:59,25.0,46.0
08:52:01,25.0,46.0
08:52:02,25.0,46.0
08:52:04,25.0,46.0
08:52:05,25.0,46.0
08:52:07,25.0,46.0
08:52:08,25.0,46.0
08:52:10,25.0,46.0
08:52:11,25.0,46.0
08:52:13,25.0,46.0
08:52:14,25.0,46.0
08:52:18,25.0,46.0
08:52:20,25.0,45.0
08:52:21,25.0,45.0
08:52:23,25.0,45.0
08:52:25,25.0,46.0
08:52:26,25.0,46.0
08:52:28,25.0,45.0
08:52:29,25.0,45.0
08:52:31,25.0,45.0
08:52:32,25.0,45.0
08:52:36,25.0,45.0
08:52:38,25.0,45.0
08:52:39,25.0,45.0
08:52:41,25.0,45.0
08:52:42,25.0,45.0
08:52:44,25.0,46.0
08:52:45,25.0,45.0
08:52:47,25.0,45.0
08:52:48,25.0,45.0
08:52:50,25.0,45.0
08:52:51,25.0,45.0
08:52:53,25.0,45.0
08:52:55,25.0,45.0
08:52:56,25.0,45.0
08:52:58,25.0,45.0
08:52:59,25.0,45.0
08:53:01,26.0,46.0
08:53:02,26.0,46.0
08:53:06,25.0,45.0
08:53:08,25.0,45.0
08:53:12,25.0,45.0
08:53:16,25.0,45.0
08:53:17,25.0,45.0
08:53:19,25.0,45.0
08:53:20,25.0,45.0
08:53:22,25.0,45.0
08:53:23,25.0,45.0
08:53:25,25.0,45.0
08:53:27,25.0,45.0
08:53:28,25.0,45.0
08:53:30,25.0,45.0
08:53:31,25.0,45.0
08:53:33,26.0,46.0
08:53:34,25.0,45.0
08:53:36,25.0,45.0
08:53:37,25.0,45.0
08:53:39,25.0,45.0
08:53:40,25.0,45.0
08:53:42,25.0,45.0
08:53:43,26.0,46.0
08:53:45,25.0,45.0
08:53:46,25.0,45.0
08:53:48,25.0,45.0
08:53:49,25.0,45.0
08:53:51,26.0,46.0
08:53:52,25.0,45.0
08:53:54,25.0,45.0
08:53:56,25.0,45.0
08:53:57,25.0,45.0
08:54:01,25.0,45.0
08:54:03,25.0,45.0
08:54:04,25.0,45.0
08:54:06,25.0,45.0
08:54:07,26.0,46.0
08:54:09,25.0,45.0
08:54:10,26.0,46.0
08:54:12,25.0,45.0
08:54:13,26.0,46.0
08:54:15,26.0,46.0
08:54:16,25.0,45.0
08:54:18,25.0,45.0
08:54:19,25.0,45.0
08:54:21,26.0,46.0
08:54:23,25.0,45.0
08:54:24,26.0,46.0
08:54:26,26.0,46.0
08:54:27,26.0,46.0
08:54:31,26.0,46.0
08:54:33,25.0,45.0
08:54:34,25.0,45.0
08:54:36,25.0,45.0
08:54:37,25.0,45.0
08:54:39,25.0,45.0
08:54:40,26.0,46.0
08:54:42,25.0,45.0
08:54:43,26.0,46.0
08:54:45,25.0,45.0
08:54:49,26.0,46.0
08:54:53,25.0,45.0
08:54:55,25.0,45.0
08:54:56,25.0,45.0
08:54:58,25.0,45.0
08:54:59,25.0,45.0
08:55:01,25.0,45.0
08:55:02,25.0,45.0
08:55:04,25.0,45.0
08:55:08,25.0,45.0
08:55:09,25.0,45.0
08:55:11,25.0,45.0
08:55:12,25.0,45.0
08:55:14,26.0,46.0
08:55:15,26.0,46.0
08:55:17,26.0,46.0
08:55:18,25.0,45.0
08:55:20,25.0,45.0
08:55:21,26.0,46.0
08:55:23,26.0,46.0
08:55:25,26.0,46.0
08:55:26,26.0,46.0
08:55:28,26.0,46.0
08:55:29,26.0,46.0
08:55:31,25.0,45.0
08:55:32,25.0,45.0
08:55:34,26.0,46.0
08:55:35,25.0,45.0
08:55:37,26.0,46.0
08:55:41,25.0,45.0
08:55:42,26.0,46.0
08:55:46,25.0,45.0
08:55:48,25.0,45.0
08:55:49,25.0,45.0
08:55:51,26.0,46.0
08:55:52,26.0,46.0
08:55:54,25.0,45.0
08:55:56,25.0,45.0
08:55:57,25.0,45.0
08:55:59,25.0,45.0
08:56:00,26.0,46.0
08:56:02,26.0,46.0
08:56:03,25.0,45.0
08:56:05,25.0,45.0
08:56:06,25.0,45.0
08:56:08,26.0,46.0
08:56:09,26.0,46.0
08:56:13,25.0,45.0
08:56:15,25.0,45.0
08:56:16,25.0,45.0
08:56:18,26.0,46.0
08:56:19,26.0,46.0
08:56:21,26.0,46.0
08:56:23,26.0,46.0
08:56:24,26.0,46.0
08:56:26,26.0,46.0
08:56:27,25.0,45.0
08:56:29,25.0,45.0
08:56:30,26.0,46.0
08:56:32,25.0,45.0
08:56:33,25.0,45.0
08:56:35,26.0,46.0
08:56:36,25.0,45.0
08:56:38,25.0,45.0
08:56:39,26.0,46.0
08:56:41,25.0,45.0
08:56:42,26.0,46.0
08:56:44,26.0,46.0
08:56:45,25.0,45.0
08:56:47,26.0,46.0
08:56:48,26.0,46.0
08:56:50,25.0,45.0
08:56:52,25.0,45.0
08:56:53,26.0,46.0
08:56:55,25.0,45.0
08:56:56,25.0,45.0
08:56:58,25.0,45.0
08:56:59,25.0,45.0
08:57:01,26.0,46.0
08:57:02,25.0,45.0
08:57:04,25.0,45.0
08:57:05,26.0,46.0
08:57:09,26.0,46.0
08:57:11,26.0,46.0
08:57:12,25.0,45.0
08:57:14,25.0,45.0
08:57:15,26.0,46.0
08:57:17,25.0,45.0
08:57:18,25.0,45.0
08:57:20,26.0,46.0
08:57:24,25.0,45.0
08:57:28,25.0,45.0
08:57:32,26.0,46.0
08:57:34,25.0,45.0
08:57:35,25.0,45.0
08:57:37,25.0,45.0
08:57:38,25.0,45.0
08:57:40,25.0,45.0
08:57:41,25.0,45.0
08:57:43,26.0,46.0
08:57:44,25.0,45.0
08:57:46,25.0,45.0
08:57:47,26.0,46.0
08:57:49,25.0,45.0
08:57:50,26.0,46.0
08:57:52,25.0,45.0
08:57:54,25.0,45.0
08:57:55,25.0,45.0
08:57:57,26.0,46.0
08:57:58,26.0,46.0
08:58:00,25.0,45.0
08:58:01,25.0,45.0
08:58:03,26.0,46.0
08:58:04,26.0,46.0
08:58:06,25.0,45.0
08:58:07,26.0,46.0
08:58:09,26.0,46.0
08:58:10,26.0,46.0
08:58:14,25.0,45.0
08:58:16,26.0,46.0
08:58:17,25.0,45.0
08:58:19,25.0,45.0
08:58:21,25.0,45.0
08:58:22,26.0,46.0
08:58:24,26.0,46.0
08:58:25,25.0,45.0
08:58:27,26.0,46.0
08:58:28,26.0,46.0
08:58:30,26.0,46.0
08:58:31,25.0,45.0
08:58:33,25.0,45.0
08:58:34,25.0,45.0
08:58:36,25.0,45.0
08:58:37,26.0,46.0
08:58:39,26.0,46.0
08:58:40,26.0,46.0
08:58:42,26.0,46.0
08:58:43,26.0,46.0
08:58:45,26.0,46.0
08:58:46,26.0,46.0
08:58:48,25.0,45.0
08:58:50,26.0,46.0
08:58:51,25.0,45.0
08:58:53,26.0,46.0
08:58:54,25.0,45.0
08:58:56,25.0,45.0
08:58:57,25.0,45.0
08:58:59,25.0,45.0
08:59:00,26.0,46.0
08:59:02,26.0,46.0
08:59:03,26.0,46.0
08:59:05,26.0,46.0
08:59:06,26.0,46.0
08:59:08,25.0,45.0
08:59:09,26.0,46.0
08:59:11,26.0,46.0
08:59:12,26.0,46.0
08:59:14,25.0,45.0
08:59:15,26.0,46.0
08:59:17,26.0,46.0
08:59:19,26.0,46.0
08:59:20,26.0,46.0
08:59:22,25.0,45.0
08:59:23,26.0,46.0
08:59:25,26.0,46.0
08:59:26,26.0,46.0
08:59:28,26.0,46.0
08:59:29,26.0,46.0
08:59:31,25.0,45.0
08:59:32,26.0,46.0
08:59:34,25.0,45.0
08:59:40,25.0,45.0
08:59:42,26.0,46.0
08:59:46,25.0,45.0
08:59:47,25.0,45.0
08:59:49,26.0,46.0
08:59:51,26.0,46.0
08:59:55,25.0,45.0
08:59:56,25.0,45.0
08:59:58,26.0,46.0
08:59:59,26.0,46.0
